Año,temp,dew,humidity,precip,solarradiation,solarenergy,hours_of_light,Provincias,Comunidad,Superficie Plantación,Producción Total
2002,13.936164383561643,10.452876712328768,80.74657534246575,927.149,0.0,0.0,4460.395555555556,Acoruña,Galicia,9,258
2003,13.993698630136986,9.86109589041096,77.62657534246576,788.967,0.0,0.0,4460.390833333333,Acoruña,Galicia,10,255
2004,13.591803278688525,9.285245901639344,76.69234972677596,452.685,0.0,0.0,4469.4077777777775,Acoruña,Galicia,14,295
2005,13.57972602739726,8.973972602739726,75.40356164383562,685.767,0.0,0.0,4460.39,Acoruña,Galicia,17,318
2006,14.305205479452054,9.85068493150685,76.23013698630137,819.9,0.0,0.0,4460.385833333334,Acoruña,Galicia,34,318
2007,13.536438356164384,9.434794520547944,77.74630136986302,510.058,0.0,0.0,4460.385833333334,Acoruña,Galicia,58,625
2008,13.64535519125683,9.668032786885245,78.39726775956285,783.798,0.0,0.0,4469.398888888889,Acoruña,Galicia,59,633
2009,13.810958904109588,9.805753424657533,78.34794520547945,748.1,0.0,0.0,4460.381388888889,Acoruña,Galicia,57,1062
2010,13.837808219178083,10.10876712328767,79.73095890410958,703.576,65278.2,5636.6,4460.383055555556,Acoruña,Galicia,59,1077
2011,14.483287671232876,11.016164383561645,81.3882191780822,494.954,66957.9,5782.4,4460.378611111111,Acoruña,Galicia,62,1099
2012,13.30983606557377,8.565573770491802,74.93633879781422,723.734,65078.7,5618.5,4469.394722222222,Acoruña,Galicia,62,1099
2013,14.561095890410959,10.703013698630137,79.19972602739726,884.322,64896.3,5604.2,4460.376388888889,Acoruña,Galicia,60,1084
2014,14.354794520547944,10.912602739726028,81.16876712328767,769.054,62125.9,5364.5,4460.373888888889,Acoruña,Galicia,60,1037
2015,14.389041095890411,10.630958904109589,79.54493150684932,468.23,58782.6,5073.5,4460.3694444444445,Acoruña,Galicia,60,1037
2016,14.003551912568307,10.633333333333335,81.25054644808743,798.977,58992.9,5092.1,4469.388055555555,Acoruña,Galicia,60,1037
2017,14.235890410958906,10.386849315068492,79.12273972602739,670.516,60352.5,5209.1,4460.362222222222,Acoruña,Galicia,57,1057
2018,13.972328767123287,10.456986301369863,80.4249315068493,1208.08,44154.7,3810.0,4460.362222222222,Acoruña,Galicia,46,975
2019,14.00931506849315,10.24958904109589,79.33917808219178,1019.256,51624.9,4456.5,4460.3625,Acoruña,Galicia,54,1021
2020,14.60983606557377,11.09672131147541,80.50027322404371,904.721,49777.8,4295.7,4469.374444444445,Acoruña,Galicia,54,936
2021,14.313698630136987,10.542191780821918,79.33041095890411,1039.334,51537.1,4448.4,4460.354722222222,Acoruña,Galicia,53,866
2022,14.982465753424659,11.103013698630138,78.74931506849315,914.819,49884.2,4307.3,4460.3533333333335,Acoruña,Galicia,51,825
2002,13.31013698630137,9.89123287671233,81.1668493150685,1165.324,0.0,0.0,4459.725555555556,Lugo,Galicia,2,29
2003,13.396438356164383,9.503561643835617,79.05643835616438,1143.744,0.0,0.0,4459.724722222222,Lugo,Galicia,1,20
2004,12.918306010928962,8.97704918032787,78.63907103825137,803.328,0.0,0.0,4468.775,Lugo,Galicia,2,19
2005,12.77780821917808,8.475068493150685,77.06356164383561,937.976,0.0,0.0,4459.7202777777775,Lugo,Galicia,2,19
2006,13.574246575342467,9.485205479452054,78.36054794520548,1194.376,0.0,0.0,4459.7172222222225,Lugo,Galicia,6,27
2007,12.829589041095891,9.04054794520548,79.59972602739727,786.061,0.0,0.0,4459.715833333334,Lugo,Galicia,1,12
2008,12.918579234972677,9.363661202185792,80.7068306010929,1027.164,0.0,0.0,4468.767222222222,Lugo,Galicia,2,19
2009,13.136712328767123,9.452876712328768,80.19342465753424,1242.192,0.0,0.0,4459.708888888889,Lugo,Galicia,2,30
2010,12.944657534246575,9.35013698630137,80.57534246575342,1302.495,68499.8,5916.1,4459.711666666667,Lugo,Galicia,2,30
2011,13.73095890410959,10.236438356164385,81.41890410958905,802.001,70130.0,6061.1,4459.711111111111,Lugo,Galicia,2,30
2012,12.94535519125683,8.733060109289617,77.77704918032788,840.705,69125.2,5969.9,4468.763333333333,Lugo,Galicia,2,30
2013,13.648767123287671,9.93945205479452,80.16301369863014,1286.746,68109.8,5878.1,4459.705833333333,Lugo,Galicia,2,30
2014,13.621917808219179,10.377260273972603,82.33397260273973,1331.555,66148.5,5711.1,4459.704722222222,Lugo,Galicia,2,28
2015,13.276986301369863,9.652602739726026,80.59671232876713,742.743,59560.3,5142.3,4459.7,Lugo,Galicia,2,28
2016,12.297267759562843,9.324863387978143,83.8344262295082,1055.296,58749.7,5073.3,4468.7555555555555,Lugo,Galicia,2,28
2017,12.614520547945206,9.241643835616438,81.93643835616439,686.721,61030.1,5269.3,4459.693888888889,Lugo,Galicia,1,21
2018,12.392602739726028,9.275068493150686,82.72904109589041,1103.132,52304.4,4512.9,4459.695555555556,Lugo,Galicia,1,21
2019,12.333698630136986,8.941095890410958,81.60219178082191,1173.416,54084.2,4669.1,4459.690555555556,Lugo,Galicia,4,28
2020,13.146448087431695,9.85601092896175,82.1827868852459,984.225,53805.5,4643.2,4468.743611111111,Lugo,Galicia,4,26
2021,12.460821917808218,9.018356164383562,81.22356164383561,814.614,54358.2,4691.0,4459.686944444445,Lugo,Galicia,3,32
2022,13.397808219178081,9.810958904109588,80.48465753424658,884.789,51754.9,4466.0,4459.686111111111,Lugo,Galicia,3,30
2002,13.664109589041095,10.01972602739726,80.65205479452055,1565.002,0.0,0.0,4458.345,Ourense,Galicia,2,12
2003,13.844109589041096,9.826575342465754,78.94876712328767,1467.966,0.0,0.0,4458.348055555555,Ourense,Galicia,2,12
2004,13.240710382513662,9.164207650273223,78.49207650273223,943.836,0.0,0.0,4467.478055555555,Ourense,Galicia,3,37
2005,12.517260273972603,8.055890410958904,76.65972602739726,1076.08,0.0,0.0,4458.3405555555555,Ourense,Galicia,3,37
2006,13.606849315068493,9.348219178082191,78.36219178082192,1486.198,0.0,0.0,4458.3425,Ourense,Galicia,6,37
2007,13.01095890410959,8.684657534246575,77.71534246575342,929.399,0.0,0.0,4458.339444444445,Ourense,Galicia,0,14
2008,12.754918032786886,9.102732240437158,80.76748633879782,1329.656,0.0,0.0,4467.475555555556,Ourense,Galicia,0,14
2009,13.286301369863013,9.399452054794521,79.76328767123287,1639.1390000000001,0.0,0.0,4458.338055555556,Ourense,Galicia,1,54
2010,13.209041095890411,9.009863013698629,78.46438356164384,1667.172,67629.6,5838.9,4458.337777777778,Ourense,Galicia,1,54
2011,13.894794520547947,9.66,78.45095890410958,1256.831,69702.6,6021.0,4458.336944444444,Ourense,Galicia,0,47
2012,12.98415300546448,9.22103825136612,80.33879781420765,1156.099,67658.4,5844.8,4467.466111111111,Ourense,Galicia,1,54
2013,13.41835616438356,9.376986301369863,79.19479452054794,1714.592,67842.4,5856.6,4458.328333333333,Ourense,Galicia,1,54
2014,13.933698630136988,10.52164383561644,82.22410958904109,1772.984,65001.9,5610.6,4458.333611111111,Ourense,Galicia,1,52
2015,14.564383561643835,9.83945205479452,76.68465753424658,824.917,63573.4,5490.3,4458.327222222222,Ourense,Galicia,1,52
2016,14.697267759562841,9.935792349726777,76.92868852459017,1337.8220000000001,62315.3,5379.5,4467.4608333333335,Ourense,Galicia,1,52
2017,15.129041095890411,9.487671232876712,73.39972602739726,579.079,65991.3,5698.7,4458.321944444445,Ourense,Galicia,1,52
2018,14.880547945205478,9.830684931506848,75.40493150684931,1020.695,53200.1,4594.9,4458.322777777777,Ourense,Galicia,1,52
2019,14.467123287671233,8.829589041095891,72.80739726027397,858.086,56133.3,4847.8,4458.316111111111,Ourense,Galicia,1,49
2020,15.10655737704918,9.969398907103825,75.02021857923498,1096.667,55097.2,4758.8,4467.453611111111,Ourense,Galicia,1,42
2021,13.962191780821918,9.723013698630137,77.96575342465754,1243.685,58868.8,5084.3,4458.313055555555,Ourense,Galicia,1,41
2022,15.32219178082192,10.28958904109589,75.45178082191781,1189.506,64988.6,5611.2,4458.310555555556,Ourense,Galicia,1,43
2002,14.109041095890412,10.508219178082191,80.78931506849315,2076.491,0.0,0.0,4458.518611111112,Pontevedra,Galicia,13,375
2003,14.173972602739726,10.113698630136986,78.58767123287672,2307.245,0.0,0.0,4458.516388888889,Pontevedra,Galicia,15,405
2004,13.572131147540983,9.330874316939891,77.70901639344262,1243.994,0.0,0.0,4467.639722222222,Pontevedra,Galicia,16,180
2005,12.776986301369863,8.162739726027398,75.96986301369863,1377.151,0.0,0.0,4458.5136111111115,Pontevedra,Galicia,0,0
2006,13.783013698630137,9.547945205479452,78.10356164383562,2309.76,0.0,0.0,4458.512222222223,Pontevedra,Galicia,34,188
2007,13.293698630136985,8.788767123287672,76.50054794520548,1412.82,0.0,0.0,4458.509444444445,Pontevedra,Galicia,19,203
2008,13.003005464480875,9.25464480874317,80.04699453551913,1861.086,0.0,0.0,4467.633055555556,Pontevedra,Galicia,20,210
2009,13.745753424657535,9.635342465753425,78.59698630136987,2196.628,0.0,0.0,4458.506388888889,Pontevedra,Galicia,21,218
2010,13.66904109589041,9.331506849315069,77.5931506849315,2062.883,68314.7,5899.9,4458.509722222222,Pontevedra,Galicia,31,433
2011,14.327945205479452,9.974794520547945,77.72027397260274,1711.855,70462.8,6084.9,4458.503333333333,Pontevedra,Galicia,32,441
2012,13.256010928961748,9.416120218579236,79.80191256830601,1663.073,68194.6,5887.3,4467.633055555556,Pontevedra,Galicia,32,441
2013,13.802465753424656,9.62054794520548,78.47424657534246,2176.878,68533.6,5918.3,4458.5,Pontevedra,Galicia,31,433
2014,14.253150684931505,10.923013698630138,82.45534246575343,2428.158,65520.0,5660.5,4458.4975,Pontevedra,Galicia,31,414
2015,14.467671232876711,10.574794520547945,79.8841095890411,1405.724,62856.0,5427.2,4458.495833333333,Pontevedra,Galicia,31,414
2016,14.45191256830601,10.730601092896174,80.30737704918033,2182.386,63505.4,5478.9,4467.621944444444,Pontevedra,Galicia,31,414
2017,14.733424657534247,10.073424657534247,75.97506849315069,876.696,65801.9,5681.1,4458.4927777777775,Pontevedra,Galicia,31,414
2018,14.524109589041096,10.56054794520548,79.46054794520548,1575.367,53165.1,4591.2,4458.488611111111,Pontevedra,Galicia,31,414
2019,14.343561643835615,10.071506849315067,77.83972602739726,1750.175,56152.0,4848.9,4458.488611111111,Pontevedra,Galicia,27,370
2020,14.978142076502733,10.96174863387978,78.94426229508197,1563.339,55079.3,4757.3,4467.612222222222,Pontevedra,Galicia,25,329
2021,14.508219178082191,10.442739726027398,78.56602739726027,1465.838,59542.3,5141.3,4458.483611111111,Pontevedra,Galicia,27,303
2022,15.577808219178081,11.305205479452054,77.86,1501.877,66189.0,5714.1,4458.480555555556,Pontevedra,Galicia,27,298
2002,13.996438356164383,9.890958904109588,77.66767123287671,1019.975,0.0,0.0,4460.255,Asturias,Asturias,0,0
2003,14.196438356164384,10.024657534246575,77.45780821917808,1002.767,0.0,0.0,4460.254444444445,Asturias,Asturias,0,0
2004,13.591803278688525,9.475409836065573,77.55874316939891,1071.762,0.0,0.0,4469.275277777778,Asturias,Asturias,0,0
2005,13.56821917808219,9.222191780821918,76.48493150684932,980.682,0.0,0.0,4460.2461111111115,Asturias,Asturias,0,0
2006,14.23095890410959,10.293698630136985,78.56164383561644,849.566,0.0,0.0,4460.2475,Asturias,Asturias,0,0
2007,13.501095890410959,9.732602739726028,79.24082191780822,881.224,0.0,0.0,4460.247777777778,Asturias,Asturias,0,0
2008,13.521311475409837,9.578415300546448,78.25710382513661,1210.663,0.0,0.0,4469.261666666666,Asturias,Asturias,0,0
2009,13.473424657534247,9.37972602739726,77.64630136986301,918.558,0.0,0.0,4460.2427777777775,Asturias,Asturias,0,0
2010,11.827945205479452,8.428493150684933,81.13643835616438,1144.383,65764.7,5684.8,4460.243611111111,Asturias,Asturias,0,0
2011,12.75972602739726,9.48054794520548,82.08739726027397,745.328,67020.4,5785.6,4460.242222222222,Asturias,Asturias,0,0
2012,12.097540983606557,8.378142076502732,79.83497267759563,903.169,67502.9,5827.0,4469.264166666667,Asturias,Asturias,0,0
2013,11.837534246575341,8.546027397260275,81.87041095890412,1337.5049999999999,64577.8,5575.7,4460.2375,Asturias,Asturias,0,0
2014,12.801917808219178,9.42,81.51452054794521,1054.052,66293.0,5723.9,4460.2375,Asturias,Asturias,0,0
2015,13.320273972602738,10.015342465753424,82.07643835616439,1039.581,60040.0,5182.9,4460.232777777778,Asturias,Asturias,0,0
2016,13.251912568306011,9.909289617486339,81.8983606557377,1042.666,59889.8,5168.9,4469.2555555555555,Asturias,Asturias,0,0
2017,13.325479452054795,9.888767123287671,81.61287671232877,815.054,61892.4,5343.7,4460.225277777778,Asturias,Asturias,0,0
2018,13.102465753424656,9.723561643835616,81.62465753424658,1295.624,47942.1,4136.4,4460.226111111111,Asturias,Asturias,0,0
2019,13.170410958904109,9.345205479452055,79.67013698630137,1291.252,51556.4,4448.6,4460.225833333333,Asturias,Asturias,0,0
2020,13.842896174863387,10.316120218579234,81.16994535519126,952.295,50988.9,4404.2,4469.246944444444,Asturias,Asturias,0,0
2021,13.013424657534246,9.583561643835617,81.64602739726027,1122.924,51749.0,4465.9,4460.218888888889,Asturias,Asturias,0,0
2022,14.031232876712327,10.271506849315069,80.03780821917807,986.389,53079.5,4581.9,4460.215833333334,Asturias,Asturias,0,6
2002,14.409863013698631,9.975342465753425,76.30986301369863,1055.119,0.0,0.0,4460.448888888889,Cantabria,Cantabria,0,21
2003,14.906849315068493,10.47068493150685,76.35369863013699,1080.689,0.0,0.0,4460.446111111111,Cantabria,Cantabria,0,21
2004,14.115300546448086,10.001639344262294,77.41693989071038,1092.13,0.0,0.0,4469.455833333333,Cantabria,Cantabria,0,22
2005,14.44904109589041,9.954246575342466,75.91287671232877,1026.372,0.0,0.0,4460.441666666667,Cantabria,Cantabria,0,22
2006,15.14931506849315,10.3,74.5095890410959,1050.924,0.0,0.0,4460.4425,Cantabria,Cantabria,0,22
2007,13.940000000000001,9.80958904109589,77.40273972602739,937.968,0.0,0.0,4460.441944444445,Cantabria,Cantabria,3,28
2008,13.989344262295083,9.998907103825136,78.15163934426229,1411.258,0.0,0.0,4469.4525,Cantabria,Cantabria,0,28
2009,14.415342465753426,10.124383561643835,76.71534246575342,1105.033,0.0,0.0,4460.434722222222,Cantabria,Cantabria,0,2
2010,13.19095890410959,9.025205479452055,77.47041095890411,1261.969,65400.1,5646.1,4460.433333333333,Cantabria,Cantabria,3,17
2011,14.016164383561643,10.244109589041095,79.64493150684932,777.551,66517.4,5744.0,4460.436944444445,Cantabria,Cantabria,3,17
2012,13.14398907103825,9.39016393442623,79.57459016393443,1038.7160000000001,65880.6,5686.1,4469.444444444444,Cantabria,Cantabria,3,17
2013,13.184931506849315,9.68027397260274,80.86109589041095,1255.592,63801.7,5509.9,4460.4336111111115,Cantabria,Cantabria,0,0
2014,14.297260273972602,10.343287671232877,78.89205479452055,1116.778,65739.1,5673.3,4460.4275,Cantabria,Cantabria,0,0
2015,14.872602739726027,10.71945205479452,77.69643835616438,1026.006,58544.7,5054.1,4460.427222222223,Cantabria,Cantabria,0,0
2016,14.822131147540983,10.768852459016394,77.77896174863388,970.079,59403.7,5127.9,4469.440277777778,Cantabria,Cantabria,0,0
2017,14.717808219178082,11.000821917808219,79.5213698630137,1011.975,61018.1,5269.4,4460.421666666667,Cantabria,Cantabria,0,0
2018,14.9786301369863,11.526575342465753,81.09945205479451,1209.589,58675.5,5057.7,4460.418333333333,Cantabria,Cantabria,0,0
2019,14.773972602739725,11.102465753424658,79.75424657534246,1297.66,52163.1,4510.6,4460.415,Cantabria,Cantabria,0,0
2020,15.500273224043717,11.69153005464481,79.40792349726776,1169.999,52515.8,4533.6,4469.424722222222,Cantabria,Cantabria,0,0
2021,14.60082191780822,10.844109589041096,79.56520547945205,1281.599,51576.7,4454.4,4460.413333333333,Cantabria,Cantabria,0,0
2022,15.715068493150685,11.580821917808219,78.02986301369863,855.887,52166.3,4502.9,4460.407222222222,Cantabria,Cantabria,0,0
2002,14.698082191780822,9.752876712328767,75.83917808219178,1046.713,0.0,0.0,4460.079444444445,Vizcaya,País Vasco,0,4
2003,15.39068493150685,9.861917808219177,73.61287671232877,1177.096,0.0,0.0,4460.080555555555,Vizcaya,País Vasco,0,3
2004,14.480054644808742,9.112568306010928,72.57185792349726,1107.638,0.0,0.0,4469.110277777778,Vizcaya,País Vasco,0,4
2005,14.487671232876712,8.455890410958904,69.95561643835616,1231.479,0.0,0.0,4460.071666666667,Vizcaya,País Vasco,0,4
2006,15.219178082191782,9.272328767123287,70.17671232876712,1008.057,0.0,0.0,4460.075833333333,Vizcaya,País Vasco,0,4
2007,14.28027397260274,8.904109589041095,72.06328767123287,1003.095,0.0,0.0,4460.074166666666,Vizcaya,País Vasco,0,4
2008,14.55136612021858,9.031420765027322,71.44180327868852,1373.434,0.0,0.0,4469.105833333333,Vizcaya,País Vasco,0,4
2009,14.018082191780822,9.11041095890411,74.55260273972603,1221.058,0.0,0.0,4460.069166666667,Vizcaya,País Vasco,0,4
2010,13.127397260273973,8.304383561643835,75.2172602739726,1382.763,64669.4,5580.3,4460.065,Vizcaya,País Vasco,0,4
2011,14.587123287671233,9.773972602739725,75.54849315068493,969.827,65732.8,5671.4,4460.065,Vizcaya,País Vasco,0,4
2012,13.520218579234971,8.900273224043715,76.37049180327868,1070.683,64533.6,5571.9,4469.0986111111115,Vizcaya,País Vasco,0,0
2013,13.49945205479452,9.292602739726028,78.00630136986301,1778.468,61996.5,5352.8,4460.057777777778,Vizcaya,País Vasco,0,4
2014,15.040821917808218,10.284931506849315,75.84986301369864,1190.188,64013.2,5526.4,4460.057777777778,Vizcaya,País Vasco,0,4
2015,14.895616438356164,10.312054794520549,76.93753424657534,1141.761,56253.7,4858.1,4460.060555555556,Vizcaya,País Vasco,0,4
2016,14.860928961748636,10.426775956284153,77.23306010928961,1181.492,57654.2,4972.9,4469.089722222222,Vizcaya,País Vasco,0,2
2017,14.84054794520548,10.743287671232878,78.9,1410.683,59276.5,5116.2,4460.051111111111,Vizcaya,País Vasco,0,3
2018,15.106575342465753,10.948767123287672,78.33972602739726,1298.85,58567.7,5047.6,4460.049444444445,Vizcaya,País Vasco,0,3
2019,14.95068493150685,10.360547945205479,76.69041095890411,1246.726,52167.5,4511.0,4460.051944444444,Vizcaya,País Vasco,0,3
2020,15.64344262295082,11.077868852459016,76.64289617486338,1133.749,52602.9,4539.4,4469.081944444444,Vizcaya,País Vasco,0,3
2021,14.778356164383563,10.456986301369863,77.7827397260274,1292.138,51661.6,4461.2,4460.040277777778,Vizcaya,País Vasco,0,3
2022,16.14164383561644,11.246027397260274,75.6468493150685,839.412,52155.8,4501.2,4460.0408333333335,Vizcaya,País Vasco,0,3
2002,15.536986301369863,10.552328767123287,73.59698630136987,813.841,0.0,0.0,4456.664444444445,Barcelona,Cataluña,6,289
2003,17.497534246575345,11.88958904109589,71.43671232876713,825.499,0.0,0.0,4456.660555555555,Barcelona,Cataluña,6,280
2004,17.152732240437157,11.639617486338798,71.45163934426229,1130.064,0.0,0.0,4465.893611111111,Barcelona,Cataluña,5,255
2005,16.62054794520548,10.516712328767124,68.76191780821918,610.426,0.0,0.0,4456.654444444444,Barcelona,Cataluña,4,152
2006,17.364109589041096,11.012054794520548,67.66383561643835,349.908,0.0,0.0,4456.6547222222225,Barcelona,Cataluña,1,55
2007,16.2772602739726,8.757534246575343,62.847945205479455,530.515,0.0,0.0,4456.6575,Barcelona,Cataluña,2,80
2008,16.014207650273224,9.343989071038251,66.28224043715846,451.804,0.0,0.0,4465.894722222222,Barcelona,Cataluña,1,54
2009,16.520273972602737,9.89917808219178,66.78383561643835,350.009,0.0,0.0,4456.644166666667,Barcelona,Cataluña,1,50
2010,15.675068493150684,9.302465753424658,67.62767123287671,516.751,73851.6,6374.6,4456.649722222222,Barcelona,Cataluña,2,115
2011,16.987671232876714,11.196164383561644,70.27123287671233,688.317,74307.2,6412.6,4456.647222222222,Barcelona,Cataluña,2,103
2012,17.059016393442622,10.006010928961748,65.3639344262295,428.57,75913.8,6555.4,4465.887222222223,Barcelona,Cataluña,3,90
2013,16.593424657534246,10.301643835616439,68.30712328767123,592.576,74690.8,6446.2,4456.644166666667,Barcelona,Cataluña,2,39
2014,17.215342465753427,11.890958904109588,72.54931506849314,529.571,72631.3,6273.0,4456.644166666667,Barcelona,Cataluña,2,36
2015,17.18931506849315,11.304109589041095,70.13123287671233,325.716,67501.2,5826.8,4456.641944444445,Barcelona,Cataluña,2,70
2016,17.00409836065574,11.149180327868851,70.24863387978142,483.807,66825.2,5767.7,4465.876944444444,Barcelona,Cataluña,3,106
2017,17.111780821917808,11.175616438356164,69.72109589041096,425.751,68610.7,5926.6,4456.636111111111,Barcelona,Cataluña,3,106
2018,17.16109589041096,11.701917808219177,71.57780821917808,1369.563,59543.6,5136.7,4456.632777777778,Barcelona,Cataluña,2,71
2019,16.927945205479453,10.856986301369863,68.9372602739726,795.927,61696.7,5325.6,4456.631388888889,Barcelona,Cataluña,2,71
2020,17.298907103825137,12.762295081967213,75.98196721311476,1044.066,61702.9,5323.7,4465.866944444444,Barcelona,Cataluña,2,70
2021,16.904657534246574,12.43945205479452,76.06520547945205,366.127,57010.3,4921.0,4456.6258333333335,Barcelona,Cataluña,5,70
2022,17.92986301369863,11.986027397260273,70.05068493150685,373.904,58904.6,5088.9,4456.6225,Barcelona,Cataluña,5,70
2002,17.756438356164384,10.914794520547945,66.92547945205479,518.658,0.0,0.0,4456.124722222222,Tarragona,Cataluña,2381,46721
2003,17.89232876712329,10.273150684931506,63.889589041095896,565.14,0.0,0.0,4456.126111111111,Tarragona,Cataluña,2381,41192
2004,17.378688524590164,9.844808743169398,63.80792349726776,441.012,0.0,0.0,4465.393055555555,Tarragona,Cataluña,2381,62077
2005,17.095342465753426,8.795068493150685,61.4868493150685,734.407,0.0,0.0,4456.121666666667,Tarragona,Cataluña,2381,44327
2006,18.23068493150685,10.396986301369862,63.0131506849315,412.65500000000003,0.0,0.0,4456.119166666666,Tarragona,Cataluña,1948,58114
2007,17.893972602739726,8.824657534246576,58.63232876712328,280.104,0.0,0.0,4456.118055555556,Tarragona,Cataluña,1923,43481
2008,16.46912568306011,8.683333333333334,62.85109289617486,512.08,0.0,0.0,4465.388888888889,Tarragona,Cataluña,2258,66347
2009,16.415342465753426,8.954794520547946,64.1158904109589,625.1,0.0,0.0,4456.114722222223,Tarragona,Cataluña,2289,51031
2010,15.737808219178083,8.73013698630137,65.69095890410959,1534.27,74887.1,6467.7,4456.112222222222,Tarragona,Cataluña,2309,57092
2011,17.58082191780822,11.624657534246575,70.55287671232877,508.249,74872.5,6461.7,4456.1175,Tarragona,Cataluña,2450,35156
2012,17.008743169398908,10.003551912568307,66.49508196721311,414.943,76627.1,6619.2,4465.377777777778,Tarragona,Cataluña,2280,57892
2013,17.57041095890411,10.91945205479452,67.5413698630137,584.182,76044.4,6569.1,4456.1075,Tarragona,Cataluña,2292,44577
2014,17.51095890410959,11.908493150684933,72.31506849315069,561.284,73782.7,6372.6,4456.104444444444,Tarragona,Cataluña,2288,37444
2015,16.73068493150685,10.74931506849315,70.94684931506849,399.511,71231.7,6149.6,4456.107222222222,Tarragona,Cataluña,2219,38501
2016,16.98087431693989,10.63360655737705,69.44726775956285,434.748,70689.4,6103.5,4465.373055555556,Tarragona,Cataluña,2214,51230
2017,16.85945205479452,10.3786301369863,68.37260273972603,251.026,72651.9,6274.0,4456.098055555555,Tarragona,Cataluña,2183,28888
2018,17.138356164383563,11.08,70.2868493150685,691.923,65257.6,5636.7,4456.098055555555,Tarragona,Cataluña,2170,32105
2019,16.6813698630137,10.252328767123288,68.71150684931507,258.86,65970.1,5694.7,4456.093888888889,Tarragona,Cataluña,2186,40440
2020,16.785792349726776,10.755464480874316,70.47622950819672,475.116,62315.7,5378.5,4465.365,Tarragona,Cataluña,2178,43476
2021,16.504109589041096,10.360821917808218,69.66520547945206,366.643,56624.0,4885.8,4456.091666666666,Tarragona,Cataluña,2288,36097
2022,17.627671232876715,11.65095890410959,70.78,301.762,67069.0,5790.3,4456.093611111111,Tarragona,Cataluña,2080,26894
2002,17.247123287671233,12.864931506849315,77.48602739726027,713.2,0.0,0.0,4453.654444444444,Baleares,Baleares,2658,11600
2003,18.006027397260272,13.494246575342466,77.19260273972603,520.7,0.0,0.0,4453.654444444444,Baleares,Baleares,2658,11600
2004,17.450819672131146,12.570218579234972,75.43825136612023,413.59999999999997,0.0,0.0,4463.071944444445,Baleares,Baleares,1849,11532
2005,16.954246575342466,11.583561643835617,73.25479452054795,332.09999999999997,0.0,0.0,4453.643888888889,Baleares,Baleares,1849,12189
2006,17.933698630136988,12.705205479452054,73.9641095890411,436.9,0.0,0.0,4453.650277777778,Baleares,Baleares,1677,10300
2007,17.207123287671234,12.130684931506849,74.5123287671233,464.6,0.0,0.0,4453.6466666666665,Baleares,Baleares,1677,12352
2008,16.955191256830602,11.861202185792349,74.25191256830601,481.2,0.0,0.0,4463.0680555555555,Baleares,Baleares,1677,11511
2009,17.22794520547945,12.050684931506849,74.31972602739727,532.3,0.0,0.0,4453.639722222222,Baleares,Baleares,1677,6741
2010,16.494520547945207,11.610684931506848,75.26328767123287,549.5,76771.3,6629.4,4453.643333333333,Baleares,Baleares,1677,5170
2011,17.493972602739728,12.967945205479452,77.23369863013698,481.1,76385.3,6592.1,4453.644166666667,Baleares,Baleares,1677,9076
2012,17.380601092896175,12.018852459016392,73.66939890710383,441.1,77855.0,6722.2,4463.064722222222,Baleares,Baleares,1677,9268
2013,17.36027397260274,11.873972602739727,72.79260273972602,387.9,77096.8,6656.0,4453.638055555555,Baleares,Baleares,1677,9732
2014,18.023561643835617,12.668219178082191,73.54986301369863,290.6,76715.3,6622.9,4453.636388888889,Baleares,Baleares,1677,9980
2015,17.44630136986301,12.181369863013698,74.37945205479453,276.1,74290.1,6413.3,4453.635,Baleares,Baleares,1677,9450
2016,17.69945355191257,12.327322404371586,73.51803278688524,416.7,73849.7,6374.3,4463.061111111111,Baleares,Baleares,1677,9925
2017,17.93917808219178,13.115890410958905,75.84273972602739,536.067,75661.1,6529.1,4453.629722222222,Baleares,Baleares,1677,10422
2018,18.267397260273974,14.717534246575342,81.24191780821917,608.242,72733.8,6280.0,4453.626666666667,Baleares,Baleares,1677,9212
2019,18.23068493150685,11.912876712328767,68.52520547945205,863.862,75558.8,6526.8,4453.6241666666665,Baleares,Baleares,1677,8990
2020,18.74672131147541,12.859289617486338,70.47677595628416,759.758,74471.9,6428.4,4463.045277777778,Baleares,Baleares,1677,6153
2021,18.465205479452056,12.971232876712328,72.02958904109589,686.963,73033.7,6303.6,4453.618611111111,Baleares,Baleares,1677,6771
2022,18.99041095890411,13.34027397260274,72.36630136986301,398.936,74981.1,6476.5,4453.6225,Baleares,Baleares,1510,6190
2002,12.56958904109589,6.402191780821918,71.09205479452055,627.06,0.0,0.0,4455.419166666667,Avila,Castilla y León,0,16
2003,12.691506849315067,6.9180821917808215,73.23506849315068,629.064,0.0,0.0,4455.415555555555,Avila,Castilla y León,0,0
2004,11.892076502732241,4.776502732240437,67.04344262295082,578.885,0.0,0.0,4464.730555555556,Avila,Castilla y León,0,0
2005,11.226301369863014,3.138904109589041,63.518904109589045,640.352,0.0,0.0,4455.416388888889,Avila,Castilla y León,0,0
2006,12.395068493150685,5.376164383561644,68.23232876712329,795.509,0.0,0.0,4455.4111111111115,Avila,Castilla y León,0,0
2007,11.128219178082192,4.915890410958904,70.83917808219178,684.9499999999999,0.0,0.0,4455.411666666667,Avila,Castilla y León,0,0
2008,10.939617486338799,4.835245901639344,71.08169398907104,846.769,0.0,0.0,4464.7225,Avila,Castilla y León,0,0
2009,12.431232876712327,4.276164383561643,63.800821917808214,455.976,0.0,0.0,4455.411666666667,Avila,Castilla y León,0,0
2010,11.50054794520548,4.807397260273973,68.47890410958904,734.404,76309.4,6590.4,4455.406388888889,Avila,Castilla y León,0,0
2011,12.276438356164382,5.332054794520548,68.20438356164384,636.342,79174.5,6837.2,4455.405833333333,Avila,Castilla y León,0,0
2012,11.256830601092895,4.519945355191257,69.78770491803279,638.924,80327.4,6940.4,4464.721388888889,Avila,Castilla y León,0,0
2013,11.079178082191781,5.225205479452055,72.60849315068492,762.916,78795.1,6803.7,4455.4047222222225,Avila,Castilla y León,0,0
2014,11.938904109589041,5.806301369863014,71.34356164383561,825.16,78544.8,6783.0,4455.399444444444,Avila,Castilla y León,0,6
2015,12.272602739726027,4.593150684931507,65.45643835616438,422.819,73396.0,6332.4,4455.399722222222,Avila,Castilla y León,0,6
2016,11.759016393442623,4.674043715846994,67.22868852459017,564.413,71272.4,6155.6,4464.713611111111,Avila,Castilla y León,0,6
2017,12.686027397260274,2.958904109589041,57.77972602739726,316.49,75394.3,6508.5,4455.394166666667,Avila,Castilla y León,0,0
2018,11.523287671232877,4.335068493150684,66.58109589041095,443.455,60889.6,5259.1,4455.393055555555,Avila,Castilla y León,0,0
2019,12.248767123287672,3.004931506849315,59.36109589041096,239.516,66225.3,5719.0,4455.388333333333,Avila,Castilla y León,0,0
2020,12.451639344262295,4.642896174863388,64.52103825136612,403.924,63511.6,5483.0,4464.701666666667,Avila,Castilla y León,0,0
2021,11.80958904109589,4.091506849315069,64.77342465753425,329.048,62964.3,5437.5,4455.387222222223,Avila,Castilla y León,0,0
2022,13.162191780821917,4.352876712328767,61.56164383561644,405.934,62496.1,5397.9,4455.383888888889,Avila,Castilla y León,0,0
2002,12.841643835616438,6.85013698630137,71.72410958904109,431.704,0.0,0.0,4456.006111111111,Salamanca,Castilla y León,2,19
2003,12.894246575342464,7.287945205479452,73.96027397260274,447.453,0.0,0.0,4455.999444444445,Salamanca,Castilla y León,2,23
2004,12.159289617486339,5.018032786885246,67.2035519125683,257.116,0.0,0.0,4465.281111111111,Salamanca,Castilla y León,3,32
2005,11.53041095890411,3.438082191780822,63.76301369863014,260.098,0.0,0.0,4456.001666666667,Salamanca,Castilla y León,4,33
2006,12.838356164383562,5.818904109589042,68.51369863013699,360.138,0.0,0.0,4456.001388888889,Salamanca,Castilla y León,3,37
2007,11.578356164383562,5.295890410958904,70.90821917808219,396.248,0.0,0.0,4455.999444444445,Salamanca,Castilla y León,0,0
2008,11.358196721311476,5.134426229508197,70.9844262295082,356.575,0.0,0.0,4465.272777777778,Salamanca,Castilla y León,3,50
2009,12.67068493150685,4.498082191780822,63.96219178082192,291.971,0.0,0.0,4455.995,Salamanca,Castilla y León,3,45
2010,11.910684931506848,5.032876712328767,68.12301369863015,399.008,73570.2,6351.6,4455.992222222222,Salamanca,Castilla y León,3,60
2011,12.624109589041096,5.557534246575343,68.19123287671232,238.13,76516.2,6606.1,4455.991944444444,Salamanca,Castilla y León,3,70
2012,11.650546448087432,4.938524590163935,70.23169398907103,357.079,77002.4,6648.5,4465.274166666667,Salamanca,Castilla y León,3,70
2013,11.529041095890411,5.64958904109589,72.84547945205479,425.736,75849.6,6549.5,4455.986111111111,Salamanca,Castilla y León,3,70
2014,12.367397260273973,6.112876712328767,71.27561643835617,317.632,74738.6,6454.5,4455.988333333334,Salamanca,Castilla y León,3,75
2015,12.353150684931506,5.354246575342466,68.63315068493151,223.441,71878.9,6207.7,4455.985277777778,Salamanca,Castilla y León,3,75
2016,12.264754098360655,6.207377049180328,71.99836065573771,403.19,69765.3,6026.2,4465.267222222222,Salamanca,Castilla y León,3,75
2017,13.15150684931507,5.427671232876712,65.27013698630137,273.48199999999997,74487.7,6431.6,4455.975,Salamanca,Castilla y León,3,75
2018,12.503835616438355,6.51041095890411,71.17561643835616,531.82,68284.3,5897.6,4455.978055555555,Salamanca,Castilla y León,3,0
2019,13.035890410958904,5.944657534246576,67.16301369863014,396.847,72566.1,6266.7,4455.977777777778,Salamanca,Castilla y León,3,0
2020,13.58551912568306,7.130874316939891,69.80491803278689,440.94,64626.2,5583.7,4465.255,Salamanca,Castilla y León,3,0
2021,12.90876712328767,6.312602739726027,68.8917808219178,585.6,61097.6,5274.0,4455.970555555556,Salamanca,Castilla y León,3,0
2022,13.574794520547945,6.726027397260274,69.2131506849315,372.111,71755.9,6193.6,4455.972222222223,Salamanca,Castilla y León,3,0
2002,18.778904109589043,11.17095890410959,64.15424657534247,343.694,0.0,0.0,4451.765,Alicante,C. Valenciana,16257,361570
2003,18.76821917808219,10.652328767123288,61.85698630136986,319.675,0.0,0.0,4451.761944444444,Alicante,C. Valenciana,15410,352514
2004,18.18360655737705,10.129781420765028,62.150546448087425,366.071,0.0,0.0,4461.304444444444,Alicante,C. Valenciana,15163,329392
2005,17.665205479452055,9.27041095890411,60.943835616438356,200.608,0.0,0.0,4451.766111111111,Alicante,C. Valenciana,16298,344787
2006,18.224383561643833,10.613424657534248,63.772602739726025,347.485,0.0,0.0,4451.761666666666,Alicante,C. Valenciana,16944,398241
2007,17.626301369863015,9.886027397260275,63.22958904109589,673.667,0.0,0.0,4451.760555555556,Alicante,C. Valenciana,16722,258174
2008,17.312841530054644,9.639890710382513,63.478415300546445,325.63100000000003,0.0,0.0,4461.301388888889,Alicante,C. Valenciana,15977,306713
2009,17.62164383561644,9.848219178082191,63.09095890410959,656.976,0.0,0.0,4451.752222222222,Alicante,C. Valenciana,15765,290240
2010,17.852602739726027,10.85095890410959,66.2545205479452,480.034,77646.7,6706.3,4451.758888888889,Alicante,C. Valenciana,15153,320967
2011,18.602465753424656,11.569315068493152,65.86493150684932,389.588,78008.6,6737.5,4451.756111111111,Alicante,C. Valenciana,15568,273498
2012,18.278688524590162,10.44535519125683,63.297814207650276,353.073,80745.0,6971.6,4461.291666666667,Alicante,C. Valenciana,15121,298115
2013,18.557260273972602,10.034246575342467,60.347945205479455,640.161,80169.9,6924.7,4451.752777777778,Alicante,C. Valenciana,14468,313041
2014,19.244931506849316,11.538630136986303,63.67643835616439,229.725,80845.6,6983.5,4451.7475,Alicante,C. Valenciana,13767,326865
2015,19.032054794520548,11.47068493150685,64.61972602739726,324.612,75711.4,6540.1,4451.7475,Alicante,C. Valenciana,12813,267023
2016,18.94535519125683,11.59207650273224,64.84398907103825,256.105,75364.3,6506.3,4461.287777777778,Alicante,C. Valenciana,12215,287197
2017,18.672602739726027,11.604931506849315,65.64493150684932,324.637,77234.2,6669.8,4451.743611111111,Alicante,C. Valenciana,11763,215653
2018,18.447397260273974,11.145479452054794,64.80904109589041,292.802,67719.1,5844.5,4451.749444444445,Alicante,C. Valenciana,11668,289001
2019,18.30904109589041,10.667397260273972,63.67452054794521,516.946,85953.1,7411.7,4451.740833333333,Alicante,C. Valenciana,11182,237564
2020,18.822131147540983,11.428142076502732,64.90901639344263,204.347,110285.8,9514.1,4461.278888888889,Alicante,C. Valenciana,10223,219014
2021,18.75068493150685,11.888493150684932,66.67041095890411,304.094,97326.4,8387.4,4451.738888888889,Alicante,C. Valenciana,10024,225859
2022,19.376712328767123,12.087671232876712,65.64328767123287,343.972,65756.4,5678.8,4451.733611111111,Alicante,C. Valenciana,9951,185704
2002,17.56054794520548,11.189315068493151,69.23287671232876,584.037,0.0,0.0,4454.313611111111,Castellón,C. Valenciana,7479,101537
2003,18.162739726027397,11.413698630136986,68.01205479452055,641.147,0.0,0.0,4454.313611111111,Castellón,C. Valenciana,6014,83307
2004,17.756830601092897,11.06120218579235,68.1568306010929,809.294,0.0,0.0,4463.6925,Castellón,C. Valenciana,5817,112091
2005,17.151780821917807,9.645479452054794,64.87150684931507,631.027,0.0,0.0,4454.310277777778,Castellón,C. Valenciana,5581,94603
2006,17.953150684931504,10.260547945205479,64.05205479452054,547.326,0.0,0.0,4454.307222222223,Castellón,C. Valenciana,5245,119077
2007,17.197534246575344,9.047671232876713,62.287945205479446,1203.035,0.0,0.0,4454.311944444445,Castellón,C. Valenciana,5355,81778
2008,16.966120218579235,9.274863387978142,63.80601092896175,811.509,0.0,0.0,4463.6883333333335,Castellón,C. Valenciana,5584,108850
2009,17.153698630136986,9.112328767123287,62.23205479452055,826.009,0.0,0.0,4454.304722222222,Castellón,C. Valenciana,5704,92629
2010,16.784109589041094,8.879999999999999,62.9868493150685,652.649,75843.1,6548.8,4454.305833333333,Castellón,C. Valenciana,5629,100545
2011,17.70986301369863,10.62931506849315,66.05232876712329,633.002,75927.5,6555.8,4454.304722222222,Castellón,C. Valenciana,5657,94726
2012,18.05928961748634,9.304098360655738,60.18469945355191,325.849,78949.4,6818.2,4463.682222222223,Castellón,C. Valenciana,5678,91881
2013,18.194520547945206,9.616712328767123,60.44931506849315,408.73,77232.2,6669.5,4454.300277777777,Castellón,C. Valenciana,5626,124782
2014,18.587123287671233,10.841369863013698,64.0172602739726,328.784,77067.4,6655.0,4454.297222222222,Castellón,C. Valenciana,5893,141287
2015,18.03808219178082,10.034794520547944,63.76958904109589,499.365,71877.8,6205.8,4454.292777777778,Castellón,C. Valenciana,5852,110380
2016,18.13606557377049,10.245901639344263,63.416393442622955,393.122,71697.6,6191.6,4463.676111111111,Castellón,C. Valenciana,6124,138823
2017,18.206301369863013,10.793424657534246,64.59780821917808,256.634,74334.3,6420.3,4454.289722222222,Castellón,C. Valenciana,5843,111504
2018,18.13123287671233,10.804657534246575,64.80246575342466,647.605,60495.2,5218.1,4454.285,Castellón,C. Valenciana,6171,141000
2019,18.223013698630137,9.938630136986301,60.9413698630137,320.099,65130.6,5620.7,4454.2861111111115,Castellón,C. Valenciana,6388,116918
2020,18.329781420765027,10.963934426229509,65.11967213114754,533.461,61048.6,5268.0,4463.664722222222,Castellón,C. Valenciana,6486,119601
2021,17.964383561643835,11.22958904109589,67.11041095890411,397.476,56890.8,4918.6,4454.281388888889,Castellón,C. Valenciana,6421,119945
2022,18.94958904109589,11.775616438356165,65.71479452054795,702.2860000000001,104021.5,9054.9,4454.283611111111,Castellón,C. Valenciana,6979,124083
2002,17.592876712328767,11.105205479452055,68.93150684931507,820.117,0.0,0.0,4453.49,Valencia,C. Valenciana,53095,1276523
2003,18.170684931506848,11.467397260273973,68.25780821917807,519.134,0.0,0.0,4453.495555555555,Valencia,C. Valenciana,53093,1335422
2004,17.775136612021857,11.185245901639345,68.61721311475411,774.041,0.0,0.0,4462.9238888888885,Valencia,C. Valenciana,51885,1104380
2005,17.223561643835616,9.69095890410959,64.86054794520548,475.231,0.0,0.0,4453.485833333333,Valencia,C. Valenciana,50066,722431
2006,18.008219178082193,10.25972602739726,63.969315068493145,520.341,0.0,0.0,4453.484166666667,Valencia,C. Valenciana,50968,1402943
2007,17.23041095890411,9.10986301369863,62.519999999999996,1422.19,0.0,0.0,4453.484444444444,Valencia,C. Valenciana,52764,1095818
2008,17.01311475409836,9.31174863387978,63.904371584699454,969.069,0.0,0.0,4462.919722222222,Valencia,C. Valenciana,56628,1547138
2009,17.182191780821917,9.175342465753424,62.5145205479452,836.396,0.0,0.0,4453.483333333334,Valencia,C. Valenciana,55627,1094508
2010,16.83150684931507,9.09013698630137,63.65232876712329,691.528,76386.1,6598.6,4453.4783333333335,Valencia,C. Valenciana,55574,1181328
2011,17.725753424657533,10.663287671232876,66.29835616438356,656.854,76753.5,6628.9,4453.48,Valencia,C. Valenciana,55272,1003937
2012,18.083333333333332,9.266120218579236,60.0672131147541,270.171,80715.4,6970.7,4462.913055555556,Valencia,C. Valenciana,54855,1032683
2013,18.176986301369865,9.548767123287671,60.36767123287672,249.31799999999998,78542.8,6779.8,4453.474444444444,Valencia,C. Valenciana,54468,1297478
2014,18.65753424657534,10.841095890410958,63.861917808219175,371.859,79624.3,6875.6,4453.4719444444445,Valencia,C. Valenciana,53370,1405917
2015,17.954246575342466,10.456712328767123,65.39616438356164,539.047,72806.6,6287.3,4453.4719444444445,Valencia,C. Valenciana,52574,1177788
2016,17.90792349726776,10.340710382513661,64.84972677595628,493.289,72855.9,6290.8,4462.901666666667,Valencia,C. Valenciana,51497,1427641
2017,17.934794520547946,10.143561643835616,63.6641095890411,345.483,75823.7,6547.7,4453.469444444445,Valencia,C. Valenciana,51024,1214454
2018,18.18383561643836,9.979178082191781,61.39232876712329,885.555,72049.5,6218.1,4453.4672222222225,Valencia,C. Valenciana,52186,1488260
2019,18.2,9.370958904109589,59.263561643835615,503.765,75923.8,6557.6,4453.464722222222,Valencia,C. Valenciana,52774,1220627
2020,18.379781420765028,11.277322404371585,66.20191256830601,760.803,72439.0,6254.9,4462.894444444444,Valencia,C. Valenciana,53800,1257229
2021,18.08876712328767,10.532876712328767,64.13150684931507,651.427,69140.5,5970.6,4453.456388888889,Valencia,C. Valenciana,54217,1300010
2022,18.778904109589043,11.291506849315068,65.29479452054794,830.395,71017.3,6130.7,4453.456666666667,Valencia,C. Valenciana,54718,1106768
2002,19.08109589041096,11.069315068493152,63.36602739726027,248.068,0.0,0.0,4451.232222222222,Murcia,R. De Murcia,9237,160797
2003,19.18383561643836,11.080821917808219,62.90438356164383,293.619,0.0,0.0,4451.232777777778,Murcia,R. De Murcia,9973,187318
2004,18.487704918032787,10.34016393442623,62.7896174863388,340.562,0.0,0.0,4460.803611111111,Murcia,R. De Murcia,10178,181607
2005,18.083835616438357,9.339178082191781,60.7358904109589,181.282,0.0,0.0,4451.222222222223,Murcia,R. De Murcia,10589,175782
2006,18.8413698630137,10.743287671232878,63.218356164383565,254.549,0.0,0.0,4451.2266666666665,Murcia,R. De Murcia,10573,194390
2007,18.21753424657534,10.083287671232878,62.95013698630137,379.21,0.0,0.0,4451.225277777778,Murcia,R. De Murcia,10615,163771
2008,18.243169398907103,9.987704918032787,62.77950819672131,271.1,0.0,0.0,4460.8025,Murcia,R. De Murcia,10225,185221
2009,18.67890410958904,10.038630136986301,61.51397260273972,419.989,0.0,0.0,4451.219166666667,Murcia,R. De Murcia,10065,151593
2010,17.994794520547945,10.509589041095891,65.30794520547946,479.328,78526.8,6782.5,4451.2155555555555,Murcia,R. De Murcia,10464,167292
2011,18.8,11.593698630136986,66.20630136986301,251.052,78836.5,6809.2,4451.218611111111,Murcia,R. De Murcia,9867,148798
2012,18.491803278688526,10.684699453551913,64.17896174863388,279.909,81441.6,7035.0,4460.795833333334,Murcia,R. De Murcia,10361,144967
2013,18.54849315068493,10.218904109589042,61.58438356164383,251.35,81063.5,7002.1,4451.215833333334,Murcia,R. De Murcia,10397,175374
2014,19.504657534246576,10.85013698630137,61.616164383561646,184.26500000000001,82111.6,7089.3,4451.216944444444,Murcia,R. De Murcia,8523,164994
2015,19.345479452054796,10.906849315068493,62.52986301369864,293.059,76488.7,6609.3,4451.211666666667,Murcia,R. De Murcia,9248,136206
2016,19.4275956284153,10.765027322404372,61.281967213114754,373.217,76312.4,6590.5,4460.789722222222,Murcia,R. De Murcia,7952,149421
2017,19.214246575342464,10.576986301369862,61.1331506849315,182.616,78203.5,6757.7,4451.208333333333,Murcia,R. De Murcia,7564,137345
2018,19.12876712328767,10.11917808219178,60.043287671232875,306.843,70407.5,6068.1,4451.209722222222,Murcia,R. De Murcia,7501,150415
2019,19.084383561643836,10.072054794520549,60.1695890410959,502.122,72293.0,6223.6,4451.206388888889,Murcia,R. De Murcia,7161,123541
2020,19.243169398907103,11.21174863387978,63.7896174863388,303.388,71857.6,6210.1,4460.780277777778,Murcia,R. De Murcia,6835,120801
2021,19.105205479452053,11.158630136986302,63.82821917808219,336.764,67319.8,5806.3,4451.199444444444,Murcia,R. De Murcia,6937,126894
2022,19.854520547945203,11.47150684931507,63.157534246575345,415.496,64573.5,5571.4,4451.2,Murcia,R. De Murcia,6744,108350
2002,18.832417582417584,11.275549450549452,66.96071428571429,440.2,0.0,0.0,4452.080833333333,Badajoz,Extremadura,10,155
2003,18.558241758241756,10.91043956043956,66.49862637362638,549.1,0.0,0.0,4452.080277777778,Badajoz,Extremadura,10,155
2004,17.627945205479453,9.71013698630137,65.52575342465754,296.7,0.0,0.0,4461.6016666666665,Badajoz,Extremadura,10,150
2005,17.556986301369864,8.2986301369863,60.306301369863014,190.7,0.0,0.0,4452.074722222223,Badajoz,Extremadura,30,138
2006,17.815890410958904,9.899452054794521,65.74054794520548,371.5,0.0,0.0,4452.07,Badajoz,Extremadura,67,840
2007,16.59205479452055,8.998630136986302,66.49260273972602,281.5,0.0,0.0,4452.0725,Badajoz,Extremadura,67,945
2008,16.869672131147542,9.097540983606557,65.6087431693989,392.7,0.0,0.0,4461.591666666666,Badajoz,Extremadura,67,964
2009,17.95123287671233,8.605479452054794,61.43945205479452,484.8,0.0,0.0,4452.069166666666,Badajoz,Extremadura,65,922
2010,16.276986301369863,9.21972602739726,69.46849315068494,782.4,76849.0,6636.7,4452.0675,Badajoz,Extremadura,72,1088
2011,16.413698630136988,9.005205479452055,67.91369863013699,486.6,79395.5,6858.1,4452.071666666667,Badajoz,Extremadura,72,826
2012,16.051639344262295,7.227322404371584,63.06502732240437,325.6,82119.8,7093.2,4461.589166666667,Badajoz,Extremadura,48,643
2013,16.22739726027397,8.681095890410958,67.2827397260274,441.3,80218.9,6927.8,4452.064444444444,Badajoz,Extremadura,38,720
2014,16.737534246575343,10.04,70.58438356164383,540.8,79720.9,6881.0,4452.0633333333335,Badajoz,Extremadura,38,876
2015,17.322191780821917,8.692876712328767,63.79698630136987,531.7,76996.8,6644.9,4452.06,Badajoz,Extremadura,38,380
2016,17.411475409836065,9.407377049180328,65.70819672131148,467.3,74922.0,6468.5,4461.585,Badajoz,Extremadura,43,1007
2017,18.004383561643838,8.348219178082191,59.87150684931506,225.6,78539.0,6783.8,4452.055555555556,Badajoz,Extremadura,51,773
2018,16.81972602739726,9.524657534246575,68.02410958904109,445.09999999999997,73383.0,6338.3,4452.054722222222,Badajoz,Extremadura,41,870
2019,17.38,8.53890410958904,62.57123287671233,262.1,74273.4,6414.3,4452.055555555556,Badajoz,Extremadura,45,1012
2020,17.737978142076503,9.844262295081966,66.5860655737705,364.4,70252.4,6067.6,4461.578611111111,Badajoz,Extremadura,56,908
2021,17.11808219178082,9.449315068493151,66.52767123287671,381.3,71143.2,6145.8,4452.05,Badajoz,Extremadura,53,1136
2022,18.29808219178082,9.73150684931507,64.24904109589042,395.9,76679.9,6622.9,4452.046388888889,Badajoz,Extremadura,55,955
2002,18.261917808219177,10.724109589041097,66.57945205479452,602.054,0.0,0.0,4453.508888888889,Cáceres,Extremadura,2,33
2003,18.145205479452056,9.973698630136987,64.48493150684932,553.493,0.0,0.0,4453.510555555556,Cáceres,Extremadura,2,33
2004,17.30983606557377,8.76120218579235,63.13142076502732,582.87,0.0,0.0,4462.937222222222,Cáceres,Extremadura,2,31
2005,17.284657534246573,7.456164383561644,58.100273972602736,270.449,0.0,0.0,4453.503055555556,Cáceres,Extremadura,2,30
2006,17.65753424657534,9.4,64.4876712328767,637.386,0.0,0.0,4453.4961111111115,Cáceres,Extremadura,2,36
2007,16.406027397260274,8.62054794520548,65.44164383561645,468.438,0.0,0.0,4453.501111111111,Cáceres,Extremadura,2,22
2008,16.49945355191257,8.429234972677595,64.28142076502732,427.872,0.0,0.0,4462.935833333333,Cáceres,Extremadura,2,22
2009,17.65753424657534,8.009315068493152,60.140821917808225,463.973,0.0,0.0,4453.499444444445,Cáceres,Extremadura,2,21
2010,16.184383561643838,8.61890410958904,67.69808219178081,909.648,75764.6,6543.3,4453.4925,Cáceres,Extremadura,2,24
2011,16.48109589041096,8.61068493150685,66.33780821917809,621.022,78093.2,6741.0,4453.4927777777775,Cáceres,Extremadura,2,23
2012,15.94535519125683,6.923224043715847,62.5396174863388,381.481,80108.5,6918.4,4462.928888888889,Cáceres,Extremadura,2,19
2013,16.09178082191781,8.116438356164384,66.27369863013699,640.099,78370.6,6772.7,4453.488611111111,Cáceres,Extremadura,2,22
2014,16.6,9.496438356164383,69.04219178082192,643.426,76710.5,6622.8,4453.488611111111,Cáceres,Extremadura,2,26
2015,17.175342465753424,7.681369863013698,60.86876712328767,296.077,75396.8,6511.4,4453.4863888888885,Cáceres,Extremadura,4,36
2016,16.608196721311476,7.950546448087432,63.558196721311475,546.42,72740.0,6278.1,4462.921388888889,Cáceres,Extremadura,3,45
2017,17.591506849315067,6.497808219178082,54.741369863013695,276.70799999999997,76742.3,6632.9,4453.483611111111,Cáceres,Extremadura,4,20
2018,16.19945205479452,7.852876712328768,64.11205479452055,680.439,72115.7,6224.7,4453.48,Cáceres,Extremadura,5,45
2019,16.835342465753424,7.091232876712329,59.314246575342466,328.866,76236.2,6584.9,4453.479166666667,Cáceres,Extremadura,6,89
2020,17.08743169398907,8.78825136612022,65.27841530054646,482.465,72299.5,6244.1,4462.908611111111,Cáceres,Extremadura,6,59
2021,16.63945205479452,8.009041095890412,62.58164383561644,441.77,74283.1,6415.6,4453.470833333334,Cáceres,Extremadura,8,91
2022,17.877808219178082,8.187671232876712,60.02602739726027,530.135,73416.7,6337.6,4453.4736111111115,Cáceres,Extremadura,8,85
2002,18.2,11.003835616438357,65.27150684931506,162.6,0.0,0.0,4449.600555555556,Almería,Andalucía,6834,155199
2003,19.101917808219177,11.161095890410959,62.57397260273972,282.4,0.0,0.0,4449.5986111111115,Almería,Andalucía,7467,181603
2004,18.781593406593405,11.33956043956044,64.26346153846154,190.4,0.0,0.0,4459.2733333333335,Almería,Andalucía,7651,122577
2005,18.52849315068493,10.27890410958904,61.17753424657534,102.5,0.0,0.0,4449.5952777777775,Almería,Andalucía,7239,132832
2006,18.66109589041096,10.822465753424657,62.94219178082192,270.0,0.0,0.0,4449.593055555555,Almería,Andalucía,7145,155928
2007,18.975616438356166,11.394520547945206,63.535616438356165,183.5,0.0,0.0,4449.591111111111,Almería,Andalucía,5227,106861
2008,18.841256830601093,11.540437158469945,64.55573770491803,196.3,0.0,0.0,4459.273055555555,Almería,Andalucía,5252,164763
2009,19.115068493150684,11.644109589041097,64.25671232876712,244.4,0.0,0.0,4449.589444444445,Almería,Andalucía,4907,136943
2010,18.283561643835615,10.72986301369863,64.55178082191782,354.9,80074.3,6915.0,4449.587222222222,Almería,Andalucía,4827,144749
2011,18.862465753424658,12.061095890410959,66.97068493150685,154.7,80900.7,6986.8,4449.5888888888885,Almería,Andalucía,4782,136865
2012,18.29153005464481,11.724863387978143,68.57732240437159,170.7,82565.0,7133.5,4459.264722222222,Almería,Andalucía,4748,118052
2013,19.02054794520548,11.656164383561643,65.0345205479452,137.5,82408.8,7112.9,4449.5858333333335,Almería,Andalucía,4707,127739
2014,19.523287671232875,12.575890410958904,66.4895890410959,111.0,83862.2,7242.6,4449.583055555556,Almería,Andalucía,4707,115688
2015,19.605479452054794,12.692876712328767,66.95123287671233,196.4,80329.5,6933.7,4449.581111111112,Almería,Andalucía,4655,101346
2016,19.422131147540984,12.420218579234973,66.48989071038251,226.6,80345.5,6937.0,4459.264722222222,Almería,Andalucía,4635,112081
2017,19.353972602739727,12.122465753424658,65.38054794520548,172.2,81128.0,7005.2,4449.575277777778,Almería,Andalucía,4616,105581
2018,18.825753424657535,12.393424657534247,68.64630136986301,197.0,78970.3,6816.7,4449.576388888889,Almería,Andalucía,4800,110414
2019,19.024657534246575,12.386575342465754,67.74876712328766,254.7,74545.4,6437.7,4449.579444444445,Almería,Andalucía,4761,102781
2020,19.404918032786885,12.781967213114754,68.16229508196722,90.2,70124.0,6053.6,4459.256944444444,Almería,Andalucía,4777,93417
2021,19.406575342465754,13.06904109589041,68.89890410958904,197.9,80163.0,6922.7,4449.57,Almería,Andalucía,5367,147485
2022,19.936986301369863,13.022191780821919,67.30493150684931,262.9,79904.1,6898.9,4449.565833333333,Almería,Andalucía,5346,87948
2002,17.716712328767123,11.873424657534247,71.72876712328767,545.7,0.0,0.0,4449.167222222222,Cádiz,Andalucía,1710,42213
2003,17.146027397260273,10.888219178082192,69.46630136986302,686.3,0.0,0.0,4449.166388888889,Cádiz,Andalucía,1747,42822
2004,17.07650273224044,10.82158469945355,69.17158469945355,293.2,0.0,0.0,4458.871388888889,Cádiz,Andalucía,1796,48469
2005,16.96191780821918,9.89972602739726,66.01616438356164,241.6,0.0,0.0,4449.161666666667,Cádiz,Andalucía,2206,55661
2006,17.340821917808217,11.770958904109587,72.57424657534246,587.0,0.0,0.0,4449.162222222222,Cádiz,Andalucía,1933,41865
2007,17.051506849315068,12.186027397260274,75.49205479452054,393.59999999999997,0.0,0.0,4449.163888888889,Cádiz,Andalucía,1967,43559
2008,17.253551912568305,11.938797814207652,73.35273224043715,609.9,0.0,0.0,4458.868611111111,Cádiz,Andalucía,2139,44663
2009,17.947123287671232,11.962739726027396,70.67232876712329,596.1,0.0,0.0,4449.156111111111,Cádiz,Andalucía,2127,51479
2010,18.60219178082192,12.786849315068492,71.74082191780822,920.0,78602.9,6787.6,4449.159722222223,Cádiz,Andalucía,1942,48740
2011,18.922465753424657,12.916438356164383,70.89342465753424,483.9,81178.9,7008.8,4449.157222222222,Cádiz,Andalucía,2179,48560
2012,17.693169398907102,11.244262295081967,69.24071038251365,480.1,82409.0,7114.1,4458.864722222223,Cádiz,Andalucía,2186,52156
2013,17.916164383561643,11.640273972602738,69.8331506849315,485.2,82612.4,7133.9,4449.151944444445,Cádiz,Andalucía,2186,40241
2014,18.124383561643835,12.592876712328765,72.4868493150685,564.3,82974.2,7165.2,4449.150833333333,Cádiz,Andalucía,2186,31500
2015,18.344109589041096,12.747945205479452,72.42301369863014,294.2,79811.5,6895.5,4449.1483333333335,Cádiz,Andalucía,2186,46778
2016,18.437158469945356,12.8051912568306,72.48333333333333,601.5,79064.9,6826.4,4458.859444444444,Cádiz,Andalucía,2186,48217
2017,18.911506849315067,12.493972602739726,68.75424657534246,418.247,81839.8,7069.1,4449.142777777778,Cádiz,Andalucía,2188,44864
2018,18.073150684931505,12.721917808219178,72.53095890410958,1122.576,78442.5,6774.9,4449.146111111111,Cádiz,Andalucía,2188,57911
2019,18.382465753424658,12.84027397260274,71.82027397260275,279.454,107660.4,9316.5,4449.146111111111,Cádiz,Andalucía,2182,37173
2020,19.056010928961747,13.783879781420763,73.26393442622951,829.198,112109.0,9738.9,4458.851944444445,Cádiz,Andalucía,2182,43759
2021,18.755342465753426,13.786027397260273,74.30575342465752,602.21,121426.0,10437.1,4449.137222222223,Cádiz,Andalucía,2182,28205
2022,19.2,13.69095890410959,73.45452054794521,579.266,120108.6,10349.6,4449.134166666667,Cádiz,Andalucía,2182,51237
2002,18.728219178082192,11.027397260273972,65.84164383561644,597.482,0.0,0.0,4451.069166666666,Córdoba,Andalucía,4434,120164
2003,19.186301369863013,10.808219178082192,63.856712328767124,689.2,0.0,0.0,4451.0697222222225,Córdoba,Andalucía,5058,122956
2004,18.754371584699456,10.566120218579234,64.2775956284153,550.776,0.0,0.0,4460.650833333333,Córdoba,Andalucía,5328,152928
2005,19.404383561643836,9.336164383561643,57.38931506849315,408.65999999999997,0.0,0.0,4451.0625,Córdoba,Andalucía,7555,156921
2006,20.295068493150684,11.431232876712327,62.38027397260274,545.6,0.0,0.0,4451.061388888889,Córdoba,Andalucía,7665,200081
2007,17.90876712328767,8.676986301369864,61.652054794520545,455.0,0.0,0.0,4451.061111111111,Córdoba,Andalucía,9821,162672
2008,17.943715846994536,8.535792349726776,61.3035519125683,524.7,0.0,0.0,4460.646944444445,Córdoba,Andalucía,10872,192895
2009,18.681917808219175,8.261917808219177,58.318356164383566,626.8,0.0,0.0,4451.059722222222,Córdoba,Andalucía,10873,201126
2010,18.05369863013699,9.287123287671234,63.23041095890411,1026.5,78025.0,6740.2,4451.060555555556,Córdoba,Andalucía,10947,230432
2011,18.643287671232876,9.116986301369863,60.51835616438356,427.8,80430.7,6945.1,4451.056388888889,Córdoba,Andalucía,11103,254352
2012,18.10846994535519,6.976775956284153,56.19945355191257,440.9,82523.7,7126.6,4460.637777777778,Córdoba,Andalucía,11110,246136
2013,17.40684931506849,8.944657534246575,63.92246575342466,613.6,80986.1,6994.4,4451.049444444445,Córdoba,Andalucía,11200,301264
2014,17.86027397260274,9.90054794520548,66.21397260273972,566.1,81272.8,7019.0,4451.053611111111,Córdoba,Andalucía,11210,237662
2015,18.322465753424655,9.103835616438356,62.018904109589045,290.6,78490.5,6776.9,4451.051111111111,Córdoba,Andalucía,11027,215761
2016,18.31584699453552,9.900273224043715,65.07896174863389,580.8,76359.3,6594.5,4460.634166666667,Córdoba,Andalucía,11220,248472
2017,18.617260273972605,8.464657534246575,59.09945205479452,314.933,79863.5,6898.8,4451.046111111111,Córdoba,Andalucía,11256,266067
2018,17.384931506849316,9.755068493150684,67.27945205479452,873.177,67087.6,5794.5,4451.039444444445,Córdoba,Andalucía,11309,367090
2019,18.178356164383562,8.58027397260274,60.15917808219178,339.793,72520.7,6257.3,4451.039722222222,Córdoba,Andalucía,11660,332823
2020,18.5172131147541,9.912021857923497,64.28224043715846,438.205,66269.4,5718.0,4460.625,Córdoba,Andalucía,11702,340264
2021,18.27205479452055,9.191506849315068,62.518630136986296,386.748,67852.3,5862.2,4451.0375,Córdoba,Andalucía,11896,412384
2022,19.042465753424658,9.293698630136985,60.69260273972603,512.068,75713.5,6536.6,4451.035277777778,Córdoba,Andalucía,12151,228017
2002,16.196438356164382,6.281095890410959,58.020273972602745,547.76,0.0,0.0,4450.065833333333,Granada,Andalucía,583,9609
2003,16.907123287671233,6.933972602739726,57.97561643835616,386.056,0.0,0.0,4450.061388888889,Granada,Andalucía,583,13669
2004,16.750819672131147,6.886612021857924,57.75081967213114,301.751,0.0,0.0,4459.7091666666665,Granada,Andalucía,583,2974
2005,16.775890410958905,5.7783561643835615,54.308493150684924,226.435,0.0,0.0,4450.052777777778,Granada,Andalucía,583,17017
2006,16.092876712328767,8.075890410958904,64.73643835616438,336.766,0.0,0.0,4450.053055555555,Granada,Andalucía,583,15174
2007,14.95890410958904,6.887397260273973,64.33835616438355,220.793,0.0,0.0,4450.056388888889,Granada,Andalucía,802,14534
2008,15.135792349726776,6.784972677595629,63.29153005464481,338.079,0.0,0.0,4459.703888888889,Granada,Andalucía,929,15350
2009,15.896712328767125,7.2224657534246575,62.587397260273974,497.112,0.0,0.0,4450.051666666666,Granada,Andalucía,925,20411
2010,15.173698630136986,6.9,63.30164383561643,558.91,79547.4,6871.1,4450.050833333334,Granada,Andalucía,933,21970
2011,16.265479452054795,8.122739726027397,63.977260273972604,354.046,81644.7,7048.0,4450.048055555556,Granada,Andalucía,930,8829
2012,15.506557377049178,5.093169398907103,57.947814207650275,415.448,82556.3,7130.4,4459.703888888889,Granada,Andalucía,933,8745
2013,15.250410958904109,6.5969863013698635,62.429041095890405,498.806,82528.3,7127.1,4450.046388888889,Granada,Andalucía,926,17490
2014,15.994520547945205,7.127397260273972,62.60602739726028,383.926,83725.3,7232.7,4450.0475,Granada,Andalucía,873,13405
2015,16.14849315068493,6.572876712328767,60.32109589041096,247.519,79311.0,6846.0,4450.043333333333,Granada,Andalucía,809,11485
2016,16.370765027322403,7.000546448087431,61.29426229508197,314.636,78330.5,6757.9,4459.694444444444,Granada,Andalucía,809,15842
2017,16.805205479452052,5.8032876712328765,55.66301369863014,271.698,80631.4,6961.4,4450.036666666667,Granada,Andalucía,706,14403
2018,15.227671232876713,7.406849315068493,65.54273972602739,536.73,72360.3,6235.4,4450.036388888889,Granada,Andalucía,706,13562
2019,15.915616438356164,6.490684931506849,60.14520547945205,444.76599999999996,90151.0,7783.8,4450.038333333333,Granada,Andalucía,682,10722
2020,16.64726775956284,7.112841530054645,60.446174863387974,307.73900000000003,97282.5,8400.2,4459.685833333333,Granada,Andalucía,705,9070
2021,16.421369863013698,6.866575342465754,59.84712328767124,312.034,73214.4,6319.5,4450.031111111111,Granada,Andalucía,704,7302
2022,17.48301369863014,6.667397260273972,56.44465753424657,302.548,67190.7,5799.9,4450.028333333334,Granada,Andalucía,654,6283
2002,17.913972602739726,13.62054794520548,78.36630136986301,496.017,0.0,0.0,4450.186111111111,Huelva,Andalucía,9024,222415
2003,18.236438356164385,12.618356164383561,72.5641095890411,717.179,0.0,0.0,4450.182777777778,Huelva,Andalucía,9875,208898
2004,18.016939890710383,11.396994535519125,68.40601092896175,451.651,0.0,0.0,4459.822222222222,Huelva,Andalucía,9694,171639
2005,17.728219178082192,11.316164383561643,68.88164383561643,380.226,0.0,0.0,4450.178333333333,Huelva,Andalucía,9768,212619
2006,18.212054794520547,12.741643835616438,73.17835616438356,832.984,0.0,0.0,4450.178333333333,Huelva,Andalucía,10549,232996
2007,17.776712328767122,11.174246575342465,68.14109589041095,506.61199999999997,0.0,0.0,4450.175,Huelva,Andalucía,10883,236186
2008,17.724590163934426,11.051912568306012,67.81475409836065,708.746,0.0,0.0,4459.817222222222,Huelva,Andalucía,12186,246811
2009,18.340821917808217,11.624657534246575,67.57808219178082,520.161,0.0,0.0,4450.171666666667,Huelva,Andalucía,13017,243285
2010,18.624657534246577,12.543287671232877,70.11479452054795,943.565,79228.0,6841.5,4450.166666666667,Huelva,Andalucía,13017,241350
2011,18.59041095890411,12.102739726027398,68.29753424657534,616.53,81434.3,7030.4,4450.169722222222,Huelva,Andalucía,12718,274000
2012,17.904918032786885,10.51967213114754,65.05136612021857,359.834,82526.1,7130.5,4459.814722222222,Huelva,Andalucía,12600,288417
2013,18.085479452054795,11.107123287671232,66.35095890410959,424.569,82653.6,7137.8,4450.169722222222,Huelva,Andalucía,11777,313049
2014,18.28739726027397,12.206575342465753,70.24876712328766,667.934,82180.4,7096.1,4450.166944444444,Huelva,Andalucía,11716,306472
2015,18.666575342465755,11.692328767123287,66.98054794520549,362.374,78988.7,6824.5,4450.167222222222,Huelva,Andalucía,11737,262021
2016,18.493169398907103,11.859562841530055,68.5620218579235,524.286,78251.9,6757.5,4459.805833333334,Huelva,Andalucía,10932,356076
2017,18.822191780821917,11.14904109589041,64.55698630136986,488.573,81277.9,7018.6,4450.162777777778,Huelva,Andalucía,10882,298090
2018,17.601917808219177,11.763013698630138,71.51287671232878,463.248,76974.6,6646.5,4450.159166666666,Huelva,Andalucía,8687,283540
2019,18.214246575342464,11.13041095890411,66.54027397260275,212.83,80042.5,6908.6,4450.1577777777775,Huelva,Andalucía,8687,231260
2020,18.73497267759563,12.243989071038252,69.37786885245902,507.61,75354.0,6511.2,4459.801388888889,Huelva,Andalucía,8520,253449
2021,18.44931506849315,11.465479452054794,67.1041095890411,213.312,75870.9,6546.9,4450.156111111111,Huelva,Andalucía,9090,288464
2022,19.03150684931507,12.172876712328769,68.03095890410958,368.296,73797.9,6371.7,4450.150833333333,Huelva,Andalucía,9005,206287
2002,16.303835616438356,6.47945205479452,58.148493150684935,612.149,0.0,0.0,4450.921388888889,Jaén,Andalucía,1,10
2003,16.98876712328767,7.204657534246575,58.48657534246575,559.579,0.0,0.0,4450.919166666667,Jaén,Andalucía,1,10
2004,16.435245901639345,6.770491803278689,58.44754098360656,405.848,0.0,0.0,4460.510277777777,Jaén,Andalucía,1,13
2005,16.345479452054796,5.749863013698629,55.353150684931514,464.624,0.0,0.0,4450.915,Jaén,Andalucía,1,11
2006,16.055890410958902,7.896712328767124,64.42109589041097,502.204,0.0,0.0,4450.914722222222,Jaén,Andalucía,1,11
2007,14.82219178082192,6.567397260273973,63.62575342465754,310.883,0.0,0.0,4450.915,Jaén,Andalucía,2,20
2008,14.972677595628415,6.447540983606558,62.63633879781421,489.038,0.0,0.0,4460.503055555556,Jaén,Andalucía,2,19
2009,15.645205479452056,6.770136986301369,61.763287671232874,682.354,0.0,0.0,4450.910555555555,Jaén,Andalucía,1,11
2010,15.067123287671233,6.695890410958904,63.02465753424657,888.202,78679.8,6790.2,4450.91,Jaén,Andalucía,1,9
2011,16.41972602739726,7.8841095890410955,62.82657534246576,434.803,81366.0,7025.5,4450.906388888889,Jaén,Andalucía,4,34
2012,15.529234972677596,5.083879781420765,57.63961748633879,581.896,83249.0,7188.2,4460.502222222222,Jaén,Andalucía,10,55
2013,15.369041095890411,6.750136986301371,62.48849315068493,868.91,81288.7,7022.3,4450.905277777778,Jaén,Andalucía,7,55
2014,16.203287671232875,7.376438356164384,62.66219178082192,556.987,82518.3,7125.0,4450.903611111111,Jaén,Andalucía,4,37
2015,17.222465753424657,6.598356164383562,55.57369863013699,277.63800000000003,78674.9,6791.2,4450.9,Jaén,Andalucía,5,46
2016,17.69945355191257,7.066939890710382,55.43825136612022,415.391,76299.7,6590.6,4460.4961111111115,Jaén,Andalucía,2,18
2017,18.436712328767122,6.2,50.530410958904106,395.81,79707.8,6882.7,4450.8975,Jaén,Andalucía,2,18
2018,16.605753424657536,7.515890410958905,59.911232876712326,684.871,66314.1,5726.3,4450.895277777778,Jaén,Andalucía,1,9
2019,17.556164383561644,6.429041095890411,53.44712328767123,425.55400000000003,71047.7,6134.8,4450.8925,Jaén,Andalucía,0,0
2020,18.22704918032787,7.480054644808742,55.34754098360656,341.84,68348.3,5897.4,4460.488055555556,Jaén,Andalucía,0,0
2021,17.926301369863015,5.864931506849315,51.850136986301365,294.535,67487.9,5827.6,4450.888333333333,Jaén,Andalucía,1,28
2022,18.89972602739726,6.920821917808219,51.400821917808216,349.423,67418.0,5820.2,4450.8875,Jaén,Andalucía,1,28
2002,19.28109589041096,12.28876712328767,66.96657534246575,468.933,0.0,0.0,4449.4319444444445,Málaga,Andalucía,5405,103650
2003,18.75013698630137,11.748219178082193,66.6117808219178,746.466,0.0,0.0,4449.421944444444,Málaga,Andalucía,5668,115273
2004,18.56584699453552,11.672950819672131,66.91366120218579,715.451,0.0,0.0,4459.116388888889,Málaga,Andalucía,5678,113912
2005,18.7427397260274,10.639178082191782,62.94986301369863,292.13,0.0,0.0,4449.421944444444,Málaga,Andalucía,5531,110954
2006,19.24958904109589,12.051780821917808,65.93863013698629,519.502,0.0,0.0,4449.423611111111,Málaga,Andalucía,5436,132068
2007,18.713972602739727,11.036712328767123,64.31972602739727,385.127,0.0,0.0,4449.4175,Málaga,Andalucía,5385,119964
2008,18.696448087431694,11.037158469945355,64.31092896174863,533.409,0.0,0.0,4459.111944444445,Málaga,Andalucía,4743,75881
2009,18.925479452054795,10.96931506849315,63.314246575342466,593.603,0.0,0.0,4449.416388888889,Málaga,Andalucía,4151,73787
2010,18.595068493150684,11.967945205479452,68.19287671232877,1153.075,78827.0,6803.2,4449.4175,Málaga,Andalucía,5086,87324
2011,18.873150684931506,12.176438356164383,68.15287671232876,439.09999999999997,80716.9,6969.8,4449.416388888889,Málaga,Andalucía,4742,88023
2012,18.187158469945356,10.320491803278689,64.34098360655737,531.165,81775.5,7060.7,4459.108055555555,Málaga,Andalucía,4745,81589
2013,18.37835616438356,10.902191780821918,64.46273972602741,367.88100000000003,82336.1,7109.9,4449.410277777778,Málaga,Andalucía,4459,71964
2014,18.87041095890411,11.256164383561643,64.85369863013699,374.796,82782.4,7150.5,4449.416666666667,Málaga,Andalucía,4509,83130
2015,19.406027397260274,12.190136986301368,66.41068493150685,346.568,79301.6,6846.4,4449.4094444444445,Málaga,Andalucía,4470,77842
2016,18.98497267759563,12.057377049180328,67.19426229508197,566.338,78744.3,6798.9,4459.102777777778,Málaga,Andalucía,4343,53711
2017,18.768767123287674,11.744657534246576,66.51890410958904,345.013,81287.4,7019.1,4449.403888888889,Málaga,Andalucía,4342,102336
2018,18.575890410958905,11.595890410958905,66.67972602739725,594.414,85785.8,7397.2,4449.401944444445,Málaga,Andalucía,4347,97684
2019,19.205479452054796,11.434246575342465,63.75041095890411,154.37199999999999,94440.3,8158.0,4449.404166666666,Málaga,Andalucía,4347,82300
2020,19.085792349726773,12.558743169398907,68.92377049180327,479.342,99259.4,8575.5,4459.099166666667,Málaga,Andalucía,4349,59391
2021,19.167397260273972,12.547671232876711,68.56082191780823,360.919,58284.2,5030.1,4449.396944444445,Málaga,Andalucía,4354,64831
2022,19.635068493150687,12.216164383561642,65.45013698630137,417.97499999999997,67891.7,5857.1,4449.395555555556,Málaga,Andalucía,4287,43877
2002,18.551780821917806,11.402739726027397,67.97972602739726,598.21,0.0,0.0,4450.3711111111115,Sevilla,Andalucía,15420,335152
2003,18.825479452054797,10.858630136986301,65.29287671232878,660.799,0.0,0.0,4450.3711111111115,Sevilla,Andalucía,15692,335996
2004,18.58688524590164,11.327322404371586,67.16967213114754,600.081,0.0,0.0,4459.995277777778,Sevilla,Andalucía,16443,333172
2005,19.024657534246575,9.993150684931507,61.26602739726027,230.028,0.0,0.0,4450.366388888889,Sevilla,Andalucía,17871,276059
2006,19.653972602739724,12.736986301369862,69.8317808219178,692.269,0.0,0.0,4450.366944444444,Sevilla,Andalucía,18018,415587
2007,18.81013698630137,11.846849315068495,68.9876712328767,383.315,0.0,0.0,4450.365277777778,Sevilla,Andalucía,21367,380625
2008,18.742622950819673,10.374043715846994,63.90710382513661,497.245,0.0,0.0,4459.991111111111,Sevilla,Andalucía,23768,426060
2009,19.412876712328767,10.460547945205478,62.236712328767126,602.097,0.0,0.0,4450.362777777777,Sevilla,Andalucía,24477,237191
2010,18.91178082191781,11.307123287671233,67.09890410958904,918.505,79060.4,6828.8,4450.363055555556,Sevilla,Andalucía,24877,490154
2011,19.007397260273972,10.631780821917808,64.20301369863013,391.84499999999997,80507.8,6951.7,4450.359444444444,Sevilla,Andalucía,25072,426172
2012,18.369672131147542,8.729508196721312,60.284972677595626,314.762,82722.8,7138.4,4459.9825,Sevilla,Andalucía,24858,496357
2013,18.19945205479452,10.35095890410959,65.94657534246575,435.973,82067.5,7085.6,4450.350277777778,Sevilla,Andalucía,24767,682110
2014,18.58164383561644,11.061095890410959,67.13205479452056,630.067,82426.9,7116.1,4450.352777777778,Sevilla,Andalucía,24778,591152
2015,19.05835616438356,10.178630136986301,62.43369863013699,317.885,78527.6,6782.4,4450.351388888889,Sevilla,Andalucía,24789,614693
2016,19.120218579234972,10.822131147540984,64.81530054644809,616.161,77100.7,6655.8,4459.981666666667,Sevilla,Andalucía,24583,746803
2017,19.515616438356165,10.001369863013698,60.2641095890411,320.902,80388.1,6941.1,4450.353888888889,Sevilla,Andalucía,24583,778493
2018,18.15013698630137,11.033972602739727,67.99808219178082,592.25,69016.8,5961.4,4450.3405555555555,Sevilla,Andalucía,24583,854239
2019,18.993698630136986,10.242739726027397,62.18630136986302,419.716,85955.7,7438.3,4450.3422222222225,Sevilla,Andalucía,25190,781276
2020,19.404098360655738,11.312568306010927,65.25081967213114,390.533,84212.3,7291.0,4459.976111111111,Sevilla,Andalucía,26246,915732
2021,19.005205479452055,10.632602739726028,63.86000000000001,402.07,95610.1,8208.4,4450.336666666667,Sevilla,Andalucía,26647,971084
2022,19.753698630136988,10.925205479452055,62.92246575342466,346.851,88342.6,7607.0,4450.338333333333,Sevilla,Andalucía,27175,687421
2002,21.210684931506847,13.643561643835616,63.32383561643836,218.2,0.0,0.0,4439.454166666666,LasPalmas,Canarias,372,6723
2003,20.81013698630137,13.456164383561644,63.80301369863013,357.6,0.0,0.0,4439.457222222222,LasPalmas,Canarias,669,11013
2004,21.03551912568306,13.07295081967213,61.75409836065574,141.3,0.0,0.0,4449.846388888889,LasPalmas,Canarias,682,11202
2005,20.624383561643835,13.358082191780822,64.01945205479451,230.0,0.0,0.0,4439.456111111112,LasPalmas,Canarias,706,11178
2006,20.519726027397258,12.892054794520549,62.681643835616434,289.9,0.0,0.0,4439.453611111111,LasPalmas,Canarias,712,10982
2007,20.315890410958904,12.192328767123287,61.09616438356164,128.8,0.0,0.0,4439.456388888889,LasPalmas,Canarias,702,10847
2008,20.466120218579235,12.542622950819673,61.69098360655738,89.0,0.0,0.0,4449.839722222222,LasPalmas,Canarias,593,9202
2009,20.903013698630136,13.541643835616437,63.8813698630137,55.4,0.0,0.0,4439.455277777778,LasPalmas,Canarias,590,9193
2010,21.73890410958904,14.639178082191782,65.53616438356164,171.5,92021.4,7949.2,4439.451388888889,LasPalmas,Canarias,587,9296
2011,20.99041095890411,14.067671232876712,65.47917808219178,88.89999999999999,92838.2,8014.8,4439.454166666666,LasPalmas,Canarias,588,9236
2012,21.3396174863388,13.812295081967214,63.428688524590164,75.9,92560.5,7994.0,4449.838333333333,LasPalmas,Canarias,584,9162
2013,21.45013698630137,14.27890410958904,65.06575342465753,71.6,93462.1,8072.9,4439.4475,LasPalmas,Canarias,659,10320
2014,21.288493150684932,14.783013698630137,67.24849315068494,121.4,93090.5,8037.8,4439.446944444445,LasPalmas,Canarias,659,10304
2015,21.384931506849316,14.28986301369863,65.19561643835617,172.7,84526.3,7302.5,4439.449166666666,LasPalmas,Canarias,660,10304
2016,21.369945355191255,14.55136612021858,66.06803278688525,118.0,83532.5,7215.2,4449.835555555555,LasPalmas,Canarias,641,10044
2017,21.543013698630137,14.184109589041096,64.40547945205479,43.1,85445.0,7378.5,4439.4413888888885,LasPalmas,Canarias,641,10022
2018,20.50794520547945,14.003287671232876,67.1627397260274,154.7,83317.1,7198.3,4439.443611111111,LasPalmas,Canarias,575,9072
2019,20.84109589041096,13.897808219178081,65.68739726027398,77.0,85711.4,7404.4,4439.439444444444,LasPalmas,Canarias,519,10168
2020,21.261748633879783,14.217213114754099,65.66693989071038,63.4,83230.9,7188.7,4449.828888888889,LasPalmas,Canarias,520,9197
2021,21.084383561643836,14.279726027397261,66.22438356164383,54.0,80449.2,6952.6,4439.436388888889,LasPalmas,Canarias,527,8329
2022,21.364109589041096,14.576712328767123,66.61232876712329,75.2,82992.5,7171.8,4439.434722222222,LasPalmas,Canarias,544,8338
2002,18.974246575342466,12.518904109589041,68.50027397260274,293.03000000000003,0.0,0.0,4439.7825,Tenerife,Canarias,443,7967
2003,19.03232876712329,13.015342465753426,69.93643835616439,148.123,0.0,0.0,4439.782222222222,Tenerife,Canarias,420,7375
2004,19.312568306010927,12.57103825136612,67.66174863387978,283.931,0.0,0.0,4450.143333333333,Tenerife,Canarias,484,8158
2005,18.661369863013697,12.514520547945207,69.60684931506849,305.909,0.0,0.0,4439.774722222222,Tenerife,Canarias,483,8106
2006,18.286575342465753,12.12794520547945,69.63890410958905,357.562,0.0,0.0,4439.780555555555,Tenerife,Canarias,489,7690
2007,17.786849315068494,11.307123287671233,68.59917808219178,225.406,0.0,0.0,4439.781111111111,Tenerife,Canarias,492,7705
2008,18.14153005464481,11.926502732240438,69.55245901639344,183.535,0.0,0.0,4450.145555555556,Tenerife,Canarias,433,6866
2009,18.73095890410959,13.455890410958903,73.54684931506848,232.71,0.0,0.0,4439.771944444445,Tenerife,Canarias,429,6779
2010,18.924657534246574,13.55945205479452,73.68794520547945,250.775,91586.9,7907.5,4439.775833333333,Tenerife,Canarias,433,5488
2011,18.044109589041096,12.818082191780823,73.68739726027398,291.94,91973.0,7944.3,4439.771944444445,Tenerife,Canarias,435,4966
2012,19.11775956284153,12.82103825136612,69.86010928961748,217.642,91946.7,7936.8,4450.133055555556,Tenerife,Canarias,438,4342
2013,18.908493150684933,12.952054794520548,71.19232876712329,355.405,92972.0,8031.4,4439.773055555555,Tenerife,Canarias,443,5073
2014,17.764657534246577,13.421095890410959,77.43150684931507,533.823,93000.2,8031.3,4439.768888888889,Tenerife,Canarias,443,5112
2015,18.108493150684932,12.89123287671233,74.27835616438355,267.779,84153.2,7264.6,4439.766388888889,Tenerife,Canarias,444,5123
2016,19.036338797814206,13.216666666666667,71.25,234.515,83805.8,7240.1,4450.136111111111,Tenerife,Canarias,463,4445
2017,21.288493150684932,13.486301369863014,62.495616438356166,100.039,85105.8,7347.7,4439.763055555555,Tenerife,Canarias,457,3767
2018,20.051780821917806,13.101369863013698,65.28328767123288,267.231,52075.9,4500.4,4439.762777777778,Tenerife,Canarias,433,2784
2019,20.432054794520546,12.935890410958905,63.42767123287671,161.444,76505.5,6611.5,4439.764722222222,Tenerife,Canarias,433,3314
2020,18.90601092896175,12.331693989071038,69.1775956284153,170.625,77516.9,6698.7,4450.126388888889,Tenerife,Canarias,435,3219
2021,18.25095890410959,12.632876712328768,72.66630136986302,198.635,62905.7,5433.4,4439.756944444444,Tenerife,Canarias,386,2796
2022,18.741917808219178,13.007945205479452,72.13315068493151,246.891,55955.2,4835.3,4439.762222222223,Tenerife,Canarias,419,3579
